Roll Number,2023-10-29,2023-9-9,2023-9-10,2023-9-11,2023-9-12,2023-9-13,2023-9-167,2023-9-167fwe
2021101,Present,Present,Present,Present,Present,Present,Absent,Present
2021102,Present,Absent,Absent,Absent,Absent,Present,Present,Present
2021103,Present,Absent,Absent,Absent,Absent,Absent,Absent,Absent
2021104,Present,Absent,Absent,Absent,Absent,Absent,Absent,Absent
2021105,Present,Absent,Absent,Absent,Absent,Absent,Absent,Absent
2021106,Present,Absent,Absent,Absent,Absent,Absent,Absent,Absent
2021107,Present,Absent,Absent,Absent,Absent,Absent,Absent,Absent
2021108,Present,Absent,Absent,Absent,Absent,Absent,Absent,Absent
2021109,Present,Absent,Absent,Absent,Absent,Absent,Absent,Absent
2021110,Present,Absent,Absent,Absent,Absent,Absent,Absent,Absent
2021111,Present,Absent,Absent,Absent,Absent,Absent,Absent,Absent
2021112,Present,Absent,Absent,Absent,Absent,Absent,Absent,Absent
2021113,Present,Absent,Absent,Absent,Absent,Absent,Absent,Absent
2021114,Present,Absent,Absent,Absent,Absent,Absent,Absent,Absent
2021115,Present,Absent,Absent,Absent,Absent,Absent,Absent,Absent
2021116,Present,Absent,Absent,Absent,Absent,Absent,Absent,Absent
2021117,Present,Absent,Absent,Absent,Absent,Absent,Absent,Absent
2021118,Present,Absent,Absent,Absent,Absent,Absent,Absent,Absent
2021119,Present,Absent,Absent,Absent,Absent,Absent,Absent,Absent
2021120,Present,Absent,Absent,Absent,Absent,Absent,Absent,Absent
2021121,Present,Absent,Absent,Absent,Absent,Absent,Absent,Absent
2021122,Present,Absent,Absent,Absent,Absent,Absent,Absent,Absent
2021123,Present,Absent,Absent,Absent,Absent,Absent,Absent,Absent
2021124,Present,Absent,Absent,Absent,Absent,Absent,Absent,Absent
2021125,Present,Absent,Absent,Absent,Absent,Absent,Absent,Absent
2021126,Present,Absent,Absent,Absent,Absent,Absent,Absent,Absent
2021127,Present,Absent,Absent,Absent,Absent,Absent,Absent,Absent
2021128,Present,Absent,Absent,Absent,Absent,Absent,Absent,Absent
2021129,Present,Absent,Absent,Absent,Absent,Absent,Absent,Absent
2021130,Present,Absent,Absent,Absent,Absent,Absent,Absent,Absent
2021131,Present,Absent,Absent,Absent,Absent,Absent,Absent,Absent
2021132,Present,Absent,Absent,Absent,Absent,Absent,Absent,Absent
2021133,Present,Absent,Absent,Absent,Absent,Absent,Absent,Absent
2021134,Present,Absent,Absent,Absent,Absent,Absent,Absent,Absent
2021135,Absent,Absent,Absent,Absent,Absent,Absent,Absent,Absent
2021136,Present,Absent,Absent,Absent,Absent,Absent,Absent,Absent
2021137,Present,Absent,Absent,Absent,Absent,Absent,Absent,Absent
2021138,Present,Absent,Absent,Absent,Absent,Absent,Absent,Absent
2021139,Present,Absent,Absent,Absent,Absent,Absent,Absent,Absent
2021140,Present,Absent,Absent,Absent,Absent,Absent,Absent,Absent
2021141,Present,Absent,Absent,Absent,Absent,Absent,Absent,Absent
2021142,Absent,Absent,Absent,Absent,Absent,Absent,Absent,Absent
2021143,Present,Absent,Absent,Absent,Absent,Absent,Absent,Absent
2021144,Present,Absent,Absent,Absent,Absent,Absent,Absent,Absent
2021145,Absent,Absent,Absent,Absent,Absent,Absent,Absent,Absent
2021146,Present,Absent,Absent,Absent,Absent,Absent,Absent,Absent
2021147,Present,Absent,Absent,Absent,Absent,Absent,Absent,Absent
2021148,Present,Absent,Absent,Absent,Absent,Absent,Absent,Absent
2021149,Present,Absent,Absent,Absent,Absent,Absent,Absent,Absent
2021150,Present,Absent,Absent,Absent,Absent,Absent,Absent,Absent
2021151,Present,Absent,Absent,Absent,Absent,Absent,Absent,Absent
2021152,Present,Absent,Absent,Absent,Absent,Absent,Absent,Absent
2021153,Present,Absent,Absent,Absent,Absent,Absent,Absent,Absent
2021154,Present,Absent,Absent,Absent,Absent,Absent,Absent,Absent
2021155,Present,Absent,Absent,Absent,Absent,Absent,Absent,Absent
2021156,Absent,Absent,Absent,Absent,Absent,Absent,Absent,Absent
2021157,Present,Absent,Absent,Absent,Absent,Absent,Absent,Absent
2021158,Present,Absent,Absent,Absent,Absent,Absent,Absent,Absent
2021159,Present,Absent,Absent,Absent,Absent,Absent,Absent,Absent
2021160,Present,Absent,Absent,Absent,Absent,Absent,Absent,Absent
2021161,Absent,Absent,Absent,Absent,Absent,Absent,Absent,Absent
2021162,Present,Absent,Absent,Absent,Absent,Absent,Absent,Absent
